,Report_Date,Zambia_cases,fastest_grow_day,fastest_grow_value,growth_stabilized,timestep,res_func_logistic,cap
0,2020-01-22,0,207.6706754450317,8724.022812698537,True,1,1.633182864770505,17409.736838471028
1,2020-01-23,0,207.6706754450317,8724.022812698537,True,2,1.7081505349412867,17409.736838471028
2,2020-01-24,0,207.6706754450317,8724.022812698537,True,3,1.7865590788645265,17409.736838471028
3,2020-01-25,0,207.6706754450317,8724.022812698537,True,4,1.8685663930202039,17409.736838471028
4,2020-01-26,0,207.6706754450317,8724.022812698537,True,5,1.9543376164105464,17409.736838471028
5,2020-01-27,0,207.6706754450317,8724.022812698537,True,6,2.0440454624739712,17409.736838471028
6,2020-01-28,0,207.6706754450317,8724.022812698537,True,7,2.137870566182733,17409.736838471028
7,2020-01-29,0,207.6706754450317,8724.022812698537,True,8,2.236001847016287,17409.736838471028
8,2020-01-30,0,207.6706754450317,8724.022812698537,True,9,2.3386368885336877,17409.736838471028
9,2020-01-31,0,207.6706754450317,8724.022812698537,True,10,2.4459823353010206,17409.736838471028
10,2020-02-01,0,207.6706754450317,8724.022812698537,True,11,2.558254307964014,17409.736838471028
11,2020-02-02,0,207.6706754450317,8724.022812698537,True,12,2.675678837291632,17409.736838471028
12,2020-02-03,0,207.6706754450317,8724.022812698537,True,13,2.798492318053684,17409.736838471028
13,2020-02-04,0,207.6706754450317,8724.022812698537,True,14,2.926941983634369,17409.736838471028
14,2020-02-05,0,207.6706754450317,8724.022812698537,True,15,3.0612864023242743,17409.736838471028
15,2020-02-06,0,207.6706754450317,8724.022812698537,True,16,3.2017959962757288,17409.736838471028
16,2020-02-07,0,207.6706754450317,8724.022812698537,True,17,3.348753584150658,17409.736838471028
17,2020-02-08,0,207.6706754450317,8724.022812698537,True,18,3.502454948536289,17409.736838471028
18,2020-02-09,0,207.6706754450317,8724.022812698537,True,19,3.6632094292522446,17409.736838471028
19,2020-02-10,0,207.6706754450317,8724.022812698537,True,20,3.8313405437229173,17409.736838471028
20,2020-02-11,0,207.6706754450317,8724.022812698537,True,21,4.0071866356414745,17409.736838471028
21,2020-02-12,0,207.6706754450317,8724.022812698537,True,22,4.191101553206683,17409.736838471028
22,2020-02-13,0,207.6706754450317,8724.022812698537,True,23,4.383455358270868,17409.736838471028
23,2020-02-14,0,207.6706754450317,8724.022812698537,True,24,4.5846350677969765,17409.736838471028
24,2020-02-15,0,207.6706754450317,8724.022812698537,True,25,4.795045429084924,17409.736838471028
25,2020-02-16,0,207.6706754450317,8724.022812698537,True,26,5.015109730292224,17409.736838471028
26,2020-02-17,0,207.6706754450317,8724.022812698537,True,27,5.245270647841647,17409.736838471028
27,2020-02-18,0,207.6706754450317,8724.022812698537,True,28,5.485991132379064,17409.736838471028
28,2020-02-19,0,207.6706754450317,8724.022812698537,True,29,5.737755335018278,17409.736838471028
29,2020-02-20,0,207.6706754450317,8724.022812698537,True,30,6.001069575686229,17409.736838471028
30,2020-02-21,0,207.6706754450317,8724.022812698537,True,31,6.2764633554617975,17409.736838471028
31,2020-02-22,0,207.6706754450317,8724.022812698537,True,32,6.564490414884759,17409.736838471028
32,2020-02-23,0,207.6706754450317,8724.022812698537,True,33,6.865729840298033,17409.736838471028
33,2020-02-24,0,207.6706754450317,8724.022812698537,True,34,7.180787220376744,17409.736838471028
34,2020-02-25,0,207.6706754450317,8724.022812698537,True,35,7.510295855091606,17409.736838471028
35,2020-02-26,0,207.6706754450317,8724.022812698537,True,36,7.85491801945208,17409.736838471028
36,2020-02-27,0,207.6706754450317,8724.022812698537,True,37,8.215346284476635,17409.736838471028
37,2020-02-28,0,207.6706754450317,8724.022812698537,True,38,8.592304897943505,17409.736838471028
38,2020-02-29,0,207.6706754450317,8724.022812698537,True,39,8.98655122758564,17409.736838471028
39,2020-03-01,0,207.6706754450317,8724.022812698537,True,40,9.398877269508345,17409.736838471028
40,2020-03-02,0,207.6706754450317,8724.022812698537,True,41,9.83011122472735,17409.736838471028
41,2020-03-03,0,207.6706754450317,8724.022812698537,True,42,10.281119146849159,17409.736838471028
42,2020-03-04,0,207.6706754450317,8724.022812698537,True,43,10.752806664044318,17409.736838471028
43,2020-03-05,0,207.6706754450317,8724.022812698537,True,44,11.246120778598243,17409.736838471028
44,2020-03-06,0,207.6706754450317,8724.022812698537,True,45,11.762051747463145,17409.736838471028
45,2020-03-07,0,207.6706754450317,8724.022812698537,True,46,12.301635047379019,17409.736838471028
46,2020-03-08,0,207.6706754450317,8724.022812698537,True,47,12.865953428281376,17409.736838471028
47,2020-03-09,0,207.6706754450317,8724.022812698537,True,48,13.456139058868695,17409.736838471028
48,2020-03-10,0,207.6706754450317,8724.022812698537,True,49,14.073375768363633,17409.736838471028
49,2020-03-11,0,207.6706754450317,8724.022812698537,True,50,14.718901388668899,17409.736838471028
50,2020-03-12,0,207.6706754450317,8724.022812698537,True,51,15.394010201291518,17409.736838471028
51,2020-03-13,0,207.6706754450317,8724.022812698537,True,52,16.100055493588098,17409.736838471028
52,2020-03-14,0,207.6706754450317,8724.022812698537,True,53,16.83845222906885,17409.736838471028
53,2020-03-15,0,207.6706754450317,8724.022812698537,True,54,17.610679836689417,17409.736838471028
54,2020-03-16,0,207.6706754450317,8724.022812698537,True,55,18.418285124257448,17409.736838471028
55,2020-03-17,0,207.6706754450317,8724.022812698537,True,56,19.262885321284912,17409.736838471028
56,2020-03-18,2,207.6706754450317,8724.022812698537,True,57,20.146171256827877,17409.736838471028
57,2020-03-19,2,207.6706754450317,8724.022812698537,True,58,21.069910678072823,17409.736838471028
58,2020-03-20,2,207.6706754450317,8724.022812698537,True,59,22.035951715652036,17409.736838471028
59,2020-03-21,2,207.6706754450317,8724.022812698537,True,60,23.046226501901316,17409.736838471028
60,2020-03-22,3,207.6706754450317,8724.022812698537,True,61,24.102754948509702,17409.736838471028
61,2020-03-23,3,207.6706754450317,8724.022812698537,True,62,25.207648690254285,17409.736838471028
62,2020-03-24,3,207.6706754450317,8724.022812698537,True,63,26.363115201762678,17409.736838471028
63,2020-03-25,12,207.6706754450317,8724.022812698537,True,64,27.57146209450136,17409.736838471028
64,2020-03-26,16,207.6706754450317,8724.022812698537,True,65,28.835101601449807,17409.736838471028
65,2020-03-27,22,207.6706754450317,8724.022812698537,True,66,30.15655525718771,17409.736838471028
66,2020-03-28,28,207.6706754450317,8724.022812698537,True,67,31.538458781395175,17409.736838471028
67,2020-03-29,29,207.6706754450317,8724.022812698537,True,68,32.983567174043934,17409.736838471028
68,2020-03-30,35,207.6706754450317,8724.022812698537,True,69,34.49476003083953,17409.736838471028
69,2020-03-31,35,207.6706754450317,8724.022812698537,True,70,36.075047087761554,17409.736838471028
70,2020-04-01,36,207.6706754450317,8724.022812698537,True,71,37.727574003838484,17409.736838471028
71,2020-04-02,39,207.6706754450317,8724.022812698537,True,72,39.45562839158645,17409.736838471028
72,2020-04-03,39,207.6706754450317,8724.022812698537,True,73,41.26264610483644,17409.736838471028
73,2020-04-04,39,207.6706754450317,8724.022812698537,True,74,43.15221779396945,17409.736838471028
74,2020-04-05,39,207.6706754450317,8724.022812698537,True,75,45.128095738875466,17409.736838471028
75,2020-04-06,39,207.6706754450317,8724.022812698537,True,76,47.194200970246285,17409.736838471028
76,2020-04-07,39,207.6706754450317,8724.022812698537,True,77,49.35463069010414,17409.736838471028
77,2020-04-08,39,207.6706754450317,8724.022812698537,True,78,51.61366600275598,17409.736838471028
78,2020-04-09,39,207.6706754450317,8724.022812698537,True,79,53.97577996764507,17409.736838471028
79,2020-04-10,40,207.6706754450317,8724.022812698537,True,80,56.44564598584595,17409.736838471028
80,2020-04-11,40,207.6706754450317,8724.022812698537,True,81,59.02814653221305,17409.736838471028
81,2020-04-12,43,207.6706754450317,8724.022812698537,True,82,61.72838224544503,17409.736838471028
82,2020-04-13,45,207.6706754450317,8724.022812698537,True,83,64.55168138856448,17409.736838471028
83,2020-04-14,45,207.6706754450317,8724.022812698537,True,84,67.50360969253082,17409.736838471028
84,2020-04-15,48,207.6706754450317,8724.022812698537,True,85,70.58998059590351,17409.736838471028
85,2020-04-16,48,207.6706754450317,8724.022812698537,True,86,73.81686589364438,17409.736838471028
86,2020-04-17,52,207.6706754450317,8724.022812698537,True,87,77.19060680829301,17409.736838471028
87,2020-04-18,57,207.6706754450317,8724.022812698537,True,88,80.71782549686019,17409.736838471028
88,2020-04-19,61,207.6706754450317,8724.022812698537,True,89,84.40543700685679,17409.736838471028
89,2020-04-20,65,207.6706754450317,8724.022812698537,True,90,88.26066169490626,17409.736838471028
90,2020-04-21,70,207.6706754450317,8724.022812698537,True,91,92.29103812136805,17409.736838471028
91,2020-04-22,74,207.6706754450317,8724.022812698537,True,92,96.50443643432531,17409.736838471028
92,2020-04-23,76,207.6706754450317,8724.022812698537,True,93,100.90907225615196,17409.736838471028
93,2020-04-24,84,207.6706754450317,8724.022812698537,True,94,105.51352108566608,17409.736838471028
94,2020-04-25,84,207.6706754450317,8724.022812698537,True,95,110.32673322859215,17409.736838471028
95,2020-04-26,88,207.6706754450317,8724.022812698537,True,96,115.358049268677,17409.736838471028
96,2020-04-27,88,207.6706754450317,8724.022812698537,True,97,120.61721609133876,17409.736838471028
97,2020-04-28,95,207.6706754450317,8724.022812698537,True,98,126.11440347114376,17409.736838471028
98,2020-04-29,97,207.6706754450317,8724.022812698537,True,99,131.86022123371143,17409.736838471028
99,2020-04-30,106,207.6706754450317,8724.022812698537,True,100,137.86573700181484,17409.736838471028
100,2020-05-01,109,207.6706754450317,8724.022812698537,True,101,144.14249453446996,17409.736838471028
101,2020-05-02,119,207.6706754450317,8724.022812698537,True,102,150.70253266666967,17409.736838471028
102,2020-05-03,124,207.6706754450317,8724.022812698537,True,103,157.558404856108,17409.736838471028
103,2020-05-04,137,207.6706754450317,8724.022812698537,True,104,164.7231993417355,17409.736838471028
104,2020-05-05,138,207.6706754450317,8724.022812698537,True,105,172.21055991727383,17409.736838471028
105,2020-05-06,146,207.6706754450317,8724.022812698537,True,106,180.03470732087033,17409.736838471028
106,2020-05-07,153,207.6706754450317,8724.022812698537,True,107,188.21046123988359,17409.736838471028
107,2020-05-08,167,207.6706754450317,8724.022812698537,True,108,196.7532629273212,17409.736838471028
108,2020-05-09,252,207.6706754450317,8724.022812698537,True,109,205.67919842368931,17409.736838471028
109,2020-05-10,267,207.6706754450317,8724.022812698537,True,110,215.00502237493183,17409.736838471028
110,2020-05-11,267,207.6706754450317,8724.022812698537,True,111,224.74818243370774,17409.736838471028
111,2020-05-12,441,207.6706754450317,8724.022812698537,True,112,234.92684422745143,17409.736838471028
112,2020-05-13,446,207.6706754450317,8724.022812698537,True,113,245.55991687245455,17409.736838471028
113,2020-05-14,654,207.6706754450317,8724.022812698537,True,114,256.66707900856875,17409.736838471028
114,2020-05-15,654,207.6706754450317,8724.022812698537,True,115,268.26880532402157,17409.736838471028
115,2020-05-16,679,207.6706754450317,8724.022812698537,True,116,280.3863935342338,17409.736838471028
116,2020-05-17,753,207.6706754450317,8724.022812698537,True,117,293.0419917723932,17409.736838471028
117,2020-05-18,761,207.6706754450317,8724.022812698537,True,118,306.2586263428312,17409.736838471028
118,2020-05-19,772,207.6706754450317,8724.022812698537,True,119,320.0602297809418,17409.736838471028
119,2020-05-20,832,207.6706754450317,8724.022812698537,True,120,334.4716691554377,17409.736838471028
120,2020-05-21,866,207.6706754450317,8724.022812698537,True,121,349.51877454010645,17409.736838471028
121,2020-05-22,920,207.6706754450317,8724.022812698537,True,122,365.22836757289645,17409.736838471028
122,2020-05-23,920,207.6706754450317,8724.022812698537,True,123,381.62829001006827,17409.736838471028
123,2020-05-24,920,207.6706754450317,8724.022812698537,True,124,398.74743217227393,17409.736838471028
124,2020-05-25,920,207.6706754450317,8724.022812698537,True,125,416.6157611677318,17409.736838471028
125,2020-05-26,920,207.6706754450317,8724.022812698537,True,126,435.26434876511394,17409.736838471028
126,2020-05-27,1057,207.6706754450317,8724.022812698537,True,127,454.72539877534473,17409.736838471028
127,2020-05-28,1057,207.6706754450317,8724.022812698537,True,128,475.03227378717077,17409.736838471028
128,2020-05-29,1057,207.6706754450317,8724.022812698537,True,129,496.21952108610674,17409.736838471028
129,2020-05-30,1057,207.6706754450317,8724.022812698537,True,130,518.3228975701688,17409.736838471028
130,2020-05-31,1057,207.6706754450317,8724.022812698537,True,131,541.3793934586618,17409.736838471028
131,2020-06-01,1089,207.6706754450317,8724.022812698537,True,132,565.4272545721983,17409.736838471028
132,2020-06-02,1089,207.6706754450317,8724.022812698537,True,133,590.5060029431105,17409.736838471028
133,2020-06-03,1089,207.6706754450317,8724.022812698537,True,134,616.6564554954832,17409.736838471028
134,2020-06-04,1089,207.6706754450317,8724.022812698537,True,135,643.9207405132294,17409.736838471028
135,2020-06-05,1089,207.6706754450317,8724.022812698537,True,136,672.3423115930252,17409.736838471028
136,2020-06-06,1089,207.6706754450317,8724.022812698537,True,137,701.9659587565343,17409.736838471028
137,2020-06-07,1089,207.6706754450317,8724.022812698537,True,138,732.8378163733428,17409.736838471028
138,2020-06-08,1200,207.6706754450317,8724.022812698537,True,139,765.0053675224619,17409.736838471028
139,2020-06-09,1200,207.6706754450317,8724.022812698537,True,140,798.5174443962934,17409.736838471028
140,2020-06-10,1200,207.6706754450317,8724.022812698537,True,141,833.4242243267645,17409.736838471028
141,2020-06-11,1200,207.6706754450317,8724.022812698537,True,142,869.7772209891297,17409.736838471028
142,2020-06-12,1321,207.6706754450317,8724.022812698537,True,143,907.62927031492,17409.736838471028
143,2020-06-13,1357,207.6706754450317,8724.022812698537,True,144,947.0345106220082,17409.736838471028
144,2020-06-14,1358,207.6706754450317,8724.022812698537,True,145,988.0483564470084,17409.736838471028
145,2020-06-15,1382,207.6706754450317,8724.022812698537,True,146,1030.7274655436834,17409.736838471028
146,2020-06-16,1405,207.6706754450317,8724.022812698537,True,147,1075.129698490982,17409.736838471028
147,2020-06-17,1412,207.6706754450317,8724.022812698537,True,148,1121.3140703363317,17409.736838471028
148,2020-06-18,1416,207.6706754450317,8724.022812698537,True,149,1169.3406936843062,17409.736838471028
149,2020-06-19,1430,207.6706754450317,8724.022812698537,True,150,1219.2707126283274,17409.736838471028
150,2020-06-20,1430,207.6706754450317,8724.022812698537,True,151,1271.1662269142944,17409.736838471028
151,2020-06-21,1430,207.6706754450317,8724.022812698537,True,152,1325.0902057205476,17409.736838471028
152,2020-06-22,1430,207.6706754450317,8724.022812698537,True,153,1381.1063904391403,17409.736838471028
153,2020-06-23,1477,207.6706754450317,8724.022812698537,True,154,1439.2791858497162,17409.736838471028
154,2020-06-24,1489,207.6706754450317,8724.022812698537,True,155,1499.6735390901633,17409.736838471028
155,2020-06-25,1497,207.6706754450317,8724.022812698537,True,156,1562.354805848535,17409.736838471028
156,2020-06-26,1531,207.6706754450317,8724.022812698537,True,157,1627.3886032292323,17409.736838471028
157,2020-06-27,1531,207.6706754450317,8724.022812698537,True,158,1694.8406487841357,17409.736838471028
158,2020-06-28,1557,207.6706754450317,8724.022812698537,True,159,1764.7765852470407,17409.736838471028
159,2020-06-29,1568,207.6706754450317,8724.022812698537,True,160,1837.261790568324,17409.736838471028
160,2020-06-30,1594,207.6706754450317,8724.022812698537,True,161,1912.3611729170516,17409.736838471028
161,2020-07-01,1632,207.6706754450317,8724.022812698537,True,162,1990.1389504005656,17409.736838471028
162,2020-07-02,1632,207.6706754450317,8724.022812698537,True,163,2070.6584153476338,17409.736838471028
163,2020-07-03,1632,207.6706754450317,8724.022812698537,True,164,2153.981683111202,17409.736838471028
164,2020-07-04,1632,207.6706754450317,8724.022812698537,True,165,2240.1694254710487,17409.736838471028
165,2020-07-05,1632,207.6706754450317,8724.022812698537,True,166,2329.280588855703,17409.736838471028
166,2020-07-06,1632,207.6706754450317,8724.022812698537,True,167,2421.372097756761,17409.736838471028
167,2020-07-07,1895,207.6706754450317,8724.022812698537,True,168,2516.498543877377,17409.736838471028
168,2020-07-08,1895,207.6706754450317,8724.022812698537,True,169,2614.711861739669,17409.736838471028
169,2020-07-09,1895,207.6706754450317,8724.022812698537,True,170,2716.060991672481,17409.736838471028
170,2020-07-10,1895,207.6706754450317,8724.022812698537,True,171,2820.5915313104065,17409.736838471028
171,2020-07-11,1895,207.6706754450317,8724.022812698537,True,172,2928.3453769557327,17409.736838471028
172,2020-07-12,1895,207.6706754450317,8724.022812698537,True,173,3039.3603563853353,17409.736838471028
173,2020-07-13,1895,207.6706754450317,8724.022812698537,True,174,3153.669854922266,17409.736838471028
174,2020-07-14,1895,207.6706754450317,8724.022812698537,True,175,3271.3024368341285,17409.736838471028
175,2020-07-15,1895,207.6706754450317,8724.022812698537,True,176,3392.281464364415,17409.736838471028
176,2020-07-16,1895,207.6706754450317,8724.022812698537,True,177,3516.624716944901,17409.736838471028
177,2020-07-17,2810,207.6706754450317,8724.022812698537,True,178,3644.3440133732543,17409.736838471028
178,2020-07-18,2980,207.6706754450317,8724.022812698537,True,179,3775.444839965627,17409.736838471028
179,2020-07-19,2980,207.6706754450317,8724.022812698537,True,180,3909.9259879044125,17409.736838471028
180,2020-07-20,3326,207.6706754450317,8724.022812698537,True,181,4047.7792031914355,17409.736838471028
181,2020-07-21,3386,207.6706754450317,8724.022812698537,True,182,4188.988852781528,17409.736838471028
182,2020-07-22,3583,207.6706754450317,8724.022812698537,True,183,4333.531610604657,17409.736838471028
183,2020-07-23,3789,207.6706754450317,8724.022812698537,True,184,4481.376167282096,17409.736838471028
184,2020-07-24,3856,207.6706754450317,8724.022812698537,True,185,4632.4829673968525,17409.736838471028
185,2020-07-25,4328,207.6706754450317,8724.022812698537,True,186,4786.803978187109,17409.736838471028
186,2020-07-26,4481,207.6706754450317,8724.022812698537,True,187,4944.282493487668,17409.736838471028
187,2020-07-27,4552,207.6706754450317,8724.022812698537,True,188,5104.852976645571,17409.736838471028
188,2020-07-28,5002,207.6706754450317,8724.022812698537,True,189,5268.440945977672,17409.736838471028
189,2020-07-29,5249,207.6706754450317,8724.022812698537,True,190,5434.96290611858,17409.736838471028
190,2020-07-30,5555,207.6706754450317,8724.022812698537,True,191,5604.326328325133,17409.736838471028
191,2020-07-31,5963,207.6706754450317,8724.022812698537,True,192,5776.429682458213,17409.736838471028
192,2020-08-01,6228,207.6706754450317,8724.022812698537,True,193,5951.162522956389,17409.736838471028
193,2020-08-02,6347,207.6706754450317,8724.022812698537,True,194,6128.40563064978,17409.736838471028
194,2020-08-03,6580,207.6706754450317,8724.022812698537,True,195,6308.031211742604,17409.736838471028
195,2020-08-04,6793,207.6706754450317,8724.022812698537,True,196,6489.903154722897,17409.736838471028
196,2020-08-05,7022,207.6706754450317,8724.022812698537,True,197,6673.877345346977,17409.736838471028
197,2020-08-06,7164,207.6706754450317,8724.022812698537,True,198,6859.802039200955,17409.736838471028
198,2020-08-07,7486,207.6706754450317,8724.022812698537,True,199,7047.518290673599,17409.736838471028
199,2020-08-08,7903,207.6706754450317,8724.022812698537,True,200,7236.860436493847,17409.736838471028
200,2020-08-09,8085,207.6706754450317,8724.022812698537,True,201,7427.656631304282,17409.736838471028
201,2020-08-10,8210,207.6706754450317,8724.022812698537,True,202,7619.729432072127,17409.736838471028
202,2020-08-11,8275,207.6706754450317,8724.022812698537,True,203,7812.896427493004,17409.736838471028
203,2020-08-12,8501,207.6706754450317,8724.022812698537,True,204,8006.970907934316,17409.736838471028
204,2020-08-13,8663,207.6706754450317,8724.022812698537,True,205,8201.762570905108,17409.736838471028
205,2020-08-14,9021,207.6706754450317,8724.022812698537,True,206,8397.078256541176,17409.736838471028
206,2020-08-15,9186,207.6706754450317,8724.022812698537,True,207,8592.722707166595,17409.736838471028
207,2020-08-16,9343,207.6706754450317,8724.022812698537,True,208,8788.499344647002,17409.736838471028
208,2020-08-17,9839,207.6706754450317,8724.022812698537,True,209,8984.211058991446,17409.736838471028
209,2020-08-18,9981,207.6706754450317,8724.022812698537,True,210,9179.661001495826,17409.736838471028
210,2020-08-19,10218,207.6706754450317,8724.022812698537,True,211,9374.653375654458,17409.736838471028
211,2020-08-20,10372,207.6706754450317,8724.022812698537,True,212,9568.994219098764,17409.736838471028
212,2020-08-21,10627,207.6706754450317,8724.022812698537,True,213,9762.492169953519,17409.736838471028
213,2020-08-22,10831,207.6706754450317,8724.022812698537,True,214,9954.959211227131,17409.736838471028
214,2020-08-23,11082,207.6706754450317,8724.022812698537,True,215,10146.21138716995,17409.736838471028
215,2020-08-24,11148,207.6706754450317,8724.022812698537,True,216,10336.069485934526,17409.736838471028
216,2020-08-25,11285,207.6706754450317,8724.022812698537,True,217,10524.35968334758,17409.736838471028
217,2020-08-26,11376,207.6706754450317,8724.022812698537,True,218,10710.914143142942,17409.736838471028
218,2020-08-27,11601,207.6706754450317,8724.022812698537,True,219,10895.57156959844,17409.736838471028
219,2020-08-28,11779,207.6706754450317,8724.022812698537,True,220,11078.177709154263,17409.736838471028
220,2020-08-29,11902,207.6706754450317,8724.022812698537,True,221,11258.585798253423,17409.736838471028
221,2020-08-30,12025,207.6706754450317,8724.022812698537,True,222,11436.656955324539,17409.736838471028
222,2020-08-31,12097,207.6706754450317,8724.022812698537,True,223,11612.260515509328,17409.736838471028
223,2020-09-01,12381,207.6706754450317,8724.022812698537,True,224,11785.27430741151,17409.736838471028
224,2020-09-02,12415,207.6706754450317,8724.022812698537,True,225,11955.58487179741,17409.736838471028
225,2020-09-03,12523,207.6706754450317,8724.022812698537,True,226,12123.087622802834,17409.736838471028
226,2020-09-04,12639,207.6706754450317,8724.022812698537,True,227,12287.686952784998,17409.736838471028
227,2020-09-05,12709,207.6706754450317,8724.022812698537,True,228,12449.296282496609,17409.736838471028
228,2020-09-06,12776,207.6706754450317,8724.022812698537,True,229,12607.838058743733,17409.736838471028
229,2020-09-07,12836,207.6706754450317,8724.022812698537,True,230,12763.24370211641,17409.736838471028
230,2020-09-08,12952,207.6706754450317,8724.022812698537,True,231,12915.453507747494,17409.736838471028
231,2020-09-09,13112,207.6706754450317,8724.022812698537,True,232,13064.416502358587,17409.736838471028
232,2020-09-10,13214,207.6706754450317,8724.022812698537,True,233,13210.09026109323,17409.736838471028
233,2020-09-11,13323,207.6706754450317,8724.022812698537,True,234,13352.440687816017,17409.736838471028
234,2020-09-12,13466,207.6706754450317,8724.022812698537,True,235,13491.441762675522,17409.736838471028
235,2020-09-13,13539,207.6706754450317,8724.022812698537,True,236,13627.075260790689,17409.736838471028
236,2020-09-14,13720,207.6706754450317,8724.022812698537,True,237,13759.33044592951,17409.736838471028
237,2020-09-15,13819,207.6706754450317,8724.022812698537,True,238,13888.203743009002,17409.736838471028
238,2020-09-16,13887,207.6706754450317,8724.022812698537,True,239,14013.698393162298,17409.736838471028
239,2020-09-17,13928,207.6706754450317,8724.022812698537,True,240,14135.824094997082,17409.736838471028
240,2020-09-18,14022,207.6706754450317,8724.022812698537,True,241,14254.59663551489,17409.736838471028
241,2020-09-19,14070,207.6706754450317,8724.022812698537,True,242,14370.037513979045,17409.736838471028
242,2020-09-20,14131,207.6706754450317,8724.022812698537,True,243,14482.173561814614,17409.736838471028
243,2020-09-21,14175,207.6706754450317,8724.022812698537,True,244,14591.036561403085,17409.736838471028
244,2020-09-22,14389,207.6706754450317,8724.022812698537,True,245,14696.66286640126,17409.736838471028
245,2020-09-23,14443,207.6706754450317,8724.022812698537,True,246,14799.093025973576,17409.736838471028
246,2020-09-24,14491,207.6706754450317,8724.022812698537,True,247,14898.371415083187,17409.736838471028
247,2020-09-25,14515,207.6706754450317,8724.022812698537,True,248,14994.545872743998,17409.736838471028
248,2020-09-26,14612,207.6706754450317,8724.022812698537,True,249,15087.667349896035,17409.736838471028
249,2020-09-27,14641,207.6706754450317,8724.022812698537,True,250,15177.7895683335,17409.736838471028
250,2020-09-28,14660,207.6706754450317,8724.022812698537,True,251,15264.968691890606,17409.736838471028
251,2020-09-29,14715,207.6706754450317,8724.022812698537,True,252,15349.263010876704,17409.736838471028
252,2020-09-30,14759,207.6706754450317,8724.022812698537,True,253,15430.73264055118,17409.736838471028
253,2020-10-01,14802,207.6706754450317,8724.022812698537,True,254,15509.439234240615,17409.736838471028
254,2020-10-02,14830,207.6706754450317,8724.022812698537,True,255,15585.44571152746,17409.736838471028
255,2020-10-03,14974,207.6706754450317,8724.022812698537,True,256,15658.816001780193,17409.736838471028
256,2020-10-04,15052,207.6706754450317,8724.022812698537,True,257,15729.614803151253,17409.736838471028
257,2020-10-05,15089,207.6706754450317,8724.022812698537,True,258,15797.907357039454,17409.736838471028
258,2020-10-06,15170,207.6706754450317,8724.022812698537,True,259,15863.75923789891,17409.736838471028
259,2020-10-07,15224,207.6706754450317,8724.022812698537,True,260,15927.236158175898,17409.736838471028
260,2020-10-08,15301,207.6706754450317,8724.022812698537,True,261,15988.403788067491,17409.736838471028
261,2020-10-09,15339,207.6706754450317,8724.022812698537,True,262,16047.32758972173,17409.736838471028
262,2020-10-10,15415,207.6706754450317,8724.022812698537,True,263,16104.072665436237,17409.736838471028
263,2020-10-11,15458,207.6706754450317,8724.022812698537,True,264,16158.70361936121,17409.736838471028
264,2020-10-12,15549,207.6706754450317,8724.022812698537,True,265,16211.284432171473,17409.736838471028
265,2020-10-13,15587,207.6706754450317,8724.022812698537,True,266,16261.8783481409,17409.736838471028
266,2020-10-14,15616,207.6706754450317,8724.022812698537,True,267,16310.547774029414,17409.736838471028
267,2020-10-15,15659,207.6706754450317,8724.022812698537,True,268,16357.354189177491,17409.736838471028
268,2020-10-16,15659,207.6706754450317,8724.022812698537,True,269,16402.35806619459,17409.736838471028
269,2020-10-17,15789,207.6706754450317,8724.022812698537,True,270,16445.618801625544,17409.736838471028
270,2020-10-18,15853,207.6706754450317,8724.022812698537,True,271,16487.194655981722,17409.736838471028
271,2020-10-19,15897,207.6706754450317,8724.022812698537,True,272,16527.142702531208,17409.736838471028
272,2020-10-20,15982,207.6706754450317,8724.022812698537,True,273,16565.51878425346,17409.736838471028
273,2020-10-21,16000,207.6706754450317,8724.022812698537,True,274,16602.377478378494,17409.736838471028
274,2020-10-22,16035,207.6706754450317,8724.022812698537,True,275,16637.772067947863,17409.736838471028
275,2020-10-23,16095,207.6706754450317,8724.022812698537,True,276,16671.75451985395,17409.736838471028
276,2020-10-24,16117,207.6706754450317,8724.022812698537,True,277,16704.37546883544,17409.736838471028
277,2020-10-25,16117,207.6706754450317,8724.022812698537,True,278,16735.684206928905,17409.736838471028
278,2020-10-26,16200,207.6706754450317,8724.022812698537,True,279,16765.72867790006,17409.736838471028
279,2020-10-27,16243,207.6706754450317,8724.022812698537,True,280,16794.55547620177,17409.736838471028
280,2020-10-28,16285,207.6706754450317,8724.022812698537,True,281,16822.209850030416,17409.736838471028
281,2020-10-29,16325,207.6706754450317,8724.022812698537,True,282,16848.73570807617,17409.736838471028
282,2020-10-30,16415,207.6706754450317,8724.022812698537,True,283,16874.175629586876,17409.736838471028
283,2020-10-31,16432,207.6706754450317,8724.022812698537,True,284,16898.5708773891,17409.736838471028
284,2020-11-01,16480,207.6706754450317,8724.022812698537,True,285,16921.961413532794,17409.736838471028
285,2020-11-02,16543,207.6706754450317,8724.022812698537,True,286,16944.38591724905,17409.736838471028
286,2020-11-03,16661,207.6706754450317,8724.022812698537,True,287,16965.881804931898,17409.736838471028
287,2020-11-04,16698,207.6706754450317,8724.022812698537,True,288,16986.485251876442,17409.736838471028
288,2020-11-05,16770,207.6706754450317,8724.022812698537,True,289,17006.23121552585,17409.736838471028
289,2020-11-06,16819,207.6706754450317,8724.022812698537,True,290,17025.153459998848,17409.736838471028
290,2020-11-07,16908,207.6706754450317,8724.022812698537,True,291,17043.284581688058,17409.736838471028
291,2020-11-08,16954,207.6706754450317,8724.022812698537,True,292,17060.656035736753,17409.736838471028
292,2020-11-09,16971,207.6706754450317,8724.022812698537,True,293,17077.29816321825,17409.736838471028
293,2020-11-10,16997,207.6706754450317,8724.022812698537,True,294,17093.240218857714,17409.736838471028
294,2020-11-11,17036,207.6706754450317,8724.022812698537,True,295,17108.510399150713,17409.736838471028
295,2020-11-12,17056,207.6706754450317,8724.022812698537,True,296,17123.135870746737,17409.736838471028
296,2020-11-13,17093,207.6706754450317,8724.022812698537,True,297,17137.142798978624,17409.736838471028
297,2020-11-14,17097,207.6706754450317,8724.022812698537,True,298,17150.55637643088,17409.736838471028
298,2020-11-15,17123,207.6706754450317,8724.022812698537,True,299,17163.400851450937,17409.736838471028
299,2020-11-16,17187,207.6706754450317,8724.022812698537,True,300,17175.69955651795,17409.736838471028
300,2020-11-17,17243,207.6706754450317,8724.022812698537,True,301,17187.474936393057,17409.736838471028
301,2020-11-18,17280,207.6706754450317,8724.022812698537,True,302,17198.74857598409,17409.736838471028
302,2020-11-19,17350,207.6706754450317,8724.022812698537,True,303,17209.541227865877,17409.736838471028
303,2020-11-20,17373,207.6706754450317,8724.022812698537,True,304,17219.872839404663,17409.736838471028
304,2020-11-21,17394,207.6706754450317,8724.022812698537,True,305,17229.762579442275,17409.736838471028
305,2020-11-22,17424,207.6706754450317,8724.022812698537,True,306,17239.22886450182,17409.736838471028
306,2020-11-23,17454,207.6706754450317,8724.022812698537,True,307,17248.289384482563,17409.736838471028
307,2020-11-24,17466,207.6706754450317,8724.022812698537,True,308,17256.961127816972,17409.736838471028
308,2020-11-25,17535,207.6706754450317,8724.022812698537,True,309,17265.260406067482,17409.736838471028
309,2020-11-26,17553,207.6706754450317,8724.022812698537,True,310,17273.20287794522,17409.736838471028
310,2020-11-27,17569,207.6706754450317,8724.022812698537,True,311,17280.803572736506,17409.736838471028
311,2020-11-28,17589,207.6706754450317,8724.022812698537,True,312,17288.07691312682,17409.736838471028
312,2020-11-29,17608,207.6706754450317,8724.022812698537,True,313,17295.036737414892,17409.736838471028
313,2020-11-30,17647,207.6706754450317,8724.022812698537,True,314,17301.696321112566,17409.736838471028
314,2020-12-01,17665,207.6706754450317,8724.022812698537,True,315,17308.0683979286,17409.736838471028
315,2020-12-02,17700,207.6706754450317,8724.022812698537,True,316,17314.16518013689,17409.736838471028
316,2020-12-03,17730,207.6706754450317,8724.022812698537,True,317,17319.998378331577,17409.736838471028
317,2020-12-04,17857,207.6706754450317,8724.022812698537,True,318,17325.579220573316,17409.736838471028
318,2020-12-05,17898,207.6706754450317,8724.022812698537,True,319,17330.918470932636,17409.736838471028
319,2020-12-06,17916,207.6706754450317,8724.022812698537,True,320,17336.026447437496,17409.736838471028
320,2020-12-07,17931,207.6706754450317,8724.022812698537,True,321,17340.91303943355,17409.736838471028
321,2020-12-08,17963,207.6706754450317,8724.022812698537,True,322,17345.587724366582,17409.736838471028
322,2020-12-09,18062,207.6706754450317,8724.022812698537,True,323,17350.059583997332,17409.736838471028
323,2020-12-10,18091,207.6706754450317,8724.022812698537,True,324,17354.337320059967,17409.736838471028
324,2020-12-11,18161,207.6706754450317,8724.022812698537,True,325,17358.42926937569,17409.736838471028
325,2020-12-12,18217,207.6706754450317,8724.022812698537,True,326,17362.343418433833,17409.736838471028
326,2020-12-13,18274,207.6706754450317,8724.022812698537,True,327,17366.087417452967,17409.736838471028
327,2020-12-14,18322,207.6706754450317,8724.022812698537,True,328,17369.668593934974,17409.736838471028
328,2020-12-15,18428,207.6706754450317,8724.022812698537,True,329,17373.09396572521,17409.736838471028
329,2020-12-16,18456,207.6706754450317,8724.022812698537,True,330,17376.370253592115,17409.736838471028
330,2020-12-17,18504,207.6706754450317,8724.022812698537,True,331,17379.503893339614,17409.736838471028
331,2020-12-18,18575,207.6706754450317,8724.022812698537,True,332,17382.50104746582,17409.736838471028
332,2020-12-19,18620,207.6706754450317,8724.022812698537,True,333,17385.36761638144,17409.736838471028
333,2020-12-20,18716,207.6706754450317,8724.022812698537,True,334,17388.109249201265,17409.736838471028
