,ds,yhat,yhat_lower,yhat_upper,y,current_date,fastest_growth_day,growth_stabilized,current_day,cap
0,2020-01-22,3.72479788986225,-3.424323120107129,10.805755904388896,0.0,2020-12-20,154.4415588751144,True,334,31.60800352863686
1,2020-01-23,3.7788921219179663,-2.8481245165700573,10.103830461808094,0.0,2020-12-20,154.4415588751144,True,334,31.60800352863686
2,2020-01-24,3.833615807023396,-3.095386540315421,10.522463704438046,0.0,2020-12-20,154.4415588751144,True,334,31.60800352863686
3,2020-01-25,3.8889837432000194,-2.726556911192516,10.466885428713654,0.0,2020-12-20,154.4415588751144,True,334,31.60800352863686
4,2020-01-26,3.9036722000070343,-3.1519198595719793,10.635903157792605,0.0,2020-12-20,154.4415588751144,True,334,31.60800352863686
5,2020-01-27,4.002834832672965,-3.1121264165377704,10.890711076479993,0.0,2020-12-20,154.4415588751144,True,334,31.60800352863686
6,2020-01-28,4.102889742942061,-2.673095619284881,10.763324112284002,0.0,2020-12-20,154.4415588751144,True,334,31.60800352863686
7,2020-01-29,4.084272986912018,-3.0875843197161306,10.287731312990818,0.0,2020-12-20,154.4415588751144,True,334,31.60800352863686
8,2020-01-30,4.142427708543325,-2.411750889560924,10.703704802336024,0.0,2020-12-20,154.4415588751144,True,334,31.60800352863686
9,2020-01-31,4.201239660260037,-2.510743699077868,11.033084854904606,0.0,2020-12-20,154.4415588751144,True,334,31.60800352863686
10,2020-02-01,4.2607233423306745,-2.2968630651078255,11.291414548540612,0.0,2020-12-20,154.4415588751144,True,334,31.60800352863686
11,2020-02-02,4.279554710858689,-2.4098953804987353,11.403881078310231,0.0,2020-12-20,154.4415588751144,True,334,31.60800352863686
12,2020-02-03,4.3828870915817175,-2.083886407377414,11.754471909541666,0.0,2020-12-20,154.4415588751144,True,334,31.60800352863686
13,2020-02-04,4.487138240719822,-1.944731492159352,11.210868230180068,0.0,2020-12-20,154.4415588751144,True,334,31.60800352863686
14,2020-02-05,4.472743852323957,-2.4157607866371134,11.69480484858364,0.0,2020-12-20,154.4415588751144,True,334,31.60800352863686
15,2020-02-06,4.535146691631655,-2.2571774336596047,11.570006704207868,0.0,2020-12-20,154.4415588751144,True,334,31.60800352863686
16,2020-02-07,4.598232115434235,-2.052030999659851,10.855609544129207,0.0,2020-12-20,154.4415588751144,True,334,31.60800352863686
17,2020-02-08,4.662014211230226,-2.575470057374088,11.597496588237187,0.0,2020-12-20,154.4415588751144,True,334,31.60800352863686
18,2020-02-09,4.685168504995405,-1.8886796356633095,11.521289293408657,0.0,2020-12-20,154.4415588751144,True,334,31.60800352863686
19,2020-02-10,4.792847874847925,-2.387140068237481,11.25872638850998,0.0,2020-12-20,154.4415588751144,True,334,31.60800352863686
20,2020-02-11,4.901469611442044,-2.230440347211753,11.27905032852621,0.0,2020-12-20,154.4415588751144,True,334,31.60800352863686
21,2020-02-12,4.891468925359266,-2.022988316342673,11.637911987124443,0.0,2020-12-20,154.4415588751144,True,334,31.60800352863686
22,2020-02-13,4.958288080189531,-1.9272678246600945,11.528039924550804,0.0,2020-12-20,154.4415588751144,True,334,31.60800352863686
23,2020-02-14,5.0258119127067244,-1.3375596775691632,11.832881995053217,0.0,2020-12-20,154.4415588751144,True,334,31.60800352863686
24,2020-02-15,5.094053971848138,-1.777727457938271,12.063238992126216,0.0,2020-12-20,154.4415588751144,True,334,31.60800352863686
25,2020-02-16,5.121689226312583,-2.210421254997126,11.877889326855744,0.0,2020-12-20,154.4415588751144,True,334,31.60800352863686
26,2020-02-17,5.233869978064929,-1.5771514685637924,11.546745391066324,0.0,2020-12-20,154.4415588751144,True,334,31.60800352863686
27,2020-02-18,5.347012922577661,-1.832119674246098,12.013698053856842,0.0,2020-12-20,154.4415588751144,True,334,31.60800352863686
28,2020-02-19,5.341552656080913,-1.3977427394837736,12.509279414973621,0.0,2020-12-20,154.4415588751144,True,334,31.60800352863686
29,2020-02-20,5.41293080851124,-1.7802504673668176,12.386257791158982,0.0,2020-12-20,154.4415588751144,True,334,31.60800352863686
30,2020-02-21,5.485031563570935,-1.1970243031622119,12.591201275053898,0.0,2020-12-20,154.4415588751144,True,334,31.60800352863686
31,2020-02-22,5.557867797595146,-1.385640621332857,12.293627550047596,0.0,2020-12-20,154.4415588751144,True,334,31.60800352863686
32,2020-02-23,5.59011378705395,-0.9858981465374076,11.916195842460585,0.0,2020-12-20,154.4415588751144,True,334,31.60800352863686
33,2020-02-24,5.706921122006999,-1.1350835100298493,12.169680866996854,0.0,2020-12-20,154.4415588751144,True,334,31.60800352863686
34,2020-02-25,5.82470576617186,-1.5946544812135959,12.393258905905865,0.0,2020-12-20,154.4415588751144,True,334,31.60800352863686
35,2020-02-26,5.823901564216488,-1.1035564876776154,12.712858769503953,0.0,2020-12-20,154.4415588751144,True,334,31.60800352863686
36,2020-02-27,5.899949374630255,-0.9392795827323339,12.409125671897884,0.0,2020-12-20,154.4415588751144,True,334,31.60800352863686
37,2020-02-28,5.976732589752845,-1.0230856176757137,12.960559798324207,0.0,2020-12-20,154.4415588751144,True,334,31.60800352863686
38,2020-02-29,6.054263274625581,-0.5417352093539987,12.70632687682869,0.0,2020-12-20,154.4415588751144,True,334,31.60800352863686
39,2020-03-01,6.091214874493493,-0.8006028712601496,12.837055338913697,0.0,2020-12-20,154.4415588751144,True,334,31.60800352863686
40,2020-03-02,6.212738128241653,-0.7199751866033824,12.77319339849702,0.0,2020-12-20,154.4415588751144,True,334,31.60800352863686
41,2020-03-03,6.335248128594691,-0.39181370021367246,12.745491142307777,0.0,2020-12-20,154.4415588751144,True,334,31.60800352863686
42,2020-03-04,6.339177829358579,-0.07879394617644181,13.178826279515595,0.0,2020-12-20,154.4415588751144,True,334,31.60800352863686
43,2020-03-05,6.4199671783873855,-0.4964957094868443,13.097150165788378,0.0,2020-12-20,154.4415588751144,True,334,31.60800352863686
44,2020-03-06,6.50149863769764,-0.19072526103225837,13.296370551638779,0.0,2020-12-20,154.4415588751144,True,334,31.60800352863686
45,2020-03-07,6.583783322416319,-0.0673130400376593,12.862547173807535,0.0,2020-12-20,154.4415588751144,True,334,31.60800352863686
46,2020-03-08,6.625493708403847,-0.18935234558376457,13.54225814455883,0.0,2020-12-20,154.4415588751144,True,334,31.60800352863686
47,2020-03-09,6.751779545825905,0.024173378286077858,13.169903081720355,0.0,2020-12-20,154.4415588751144,True,334,31.60800352863686
48,2020-03-10,6.879054919510691,-0.17315154460078766,13.132638140974024,0.0,2020-12-20,154.4415588751144,True,334,31.60800352863686
49,2020-03-11,6.88775175636373,0.08815181582700454,13.7087053472031,0.0,2020-12-20,154.4415588751144,True,334,31.60800352863686
50,2020-03-12,6.973308958532399,-0.041941187375431524,13.57364001262418,0.0,2020-12-20,154.4415588751144,True,334,31.60800352863686
51,2020-03-13,7.059607923733432,0.16124869663845945,13.599152449992753,0.0,2020-12-20,154.4415588751144,True,334,31.60800352863686
52,2020-03-14,7.146658684438586,0.8328333172198524,13.703708940864638,0.0,2020-12-20,154.4415588751144,True,334,31.60800352863686
53,2020-03-15,7.193132615753028,0.5333659049564131,13.991637985678262,0.0,2020-12-20,154.4415588751144,True,334,31.60800352863686
54,2020-03-16,7.324178349262097,0.6993339454504255,14.352706151714916,0.0,2020-12-20,154.4415588751144,True,334,31.60800352863686
55,2020-03-17,7.45620883369512,0.7557037356081134,13.614523666020489,0.0,2020-12-20,154.4415588751144,True,334,31.60800352863686
56,2020-03-18,7.469654842653308,0.18872238002343938,14.41374722270212,0.0,2020-12-20,154.4415588751144,True,334,31.60800352863686
57,2020-03-19,7.5599541081182915,1.0042548229735202,14.95651279192996,0.0,2020-12-20,154.4415588751144,True,334,31.60800352863686
58,2020-03-20,7.6509868411437205,0.8279225410864473,14.162519855058836,0.0,2020-12-20,154.4415588751144,True,334,31.60800352863686
59,2020-03-21,7.742761871427829,1.4086146860436088,14.336308968243795,0.0,2020-12-20,154.4415588751144,True,334,31.60800352863686
60,2020-03-22,7.793949355599068,0.4590050287970555,14.637081568302614,0.0,2020-12-20,154.4415588751144,True,334,31.60800352863686
61,2020-03-23,7.929696691496787,1.5663913077791352,14.599463233511683,0.0,2020-12-20,154.4415588751144,True,334,31.60800352863686
62,2020-03-24,8.06641557928036,1.1717667481820084,14.808375204117661,2.0,2020-12-20,154.4415588751144,True,334,31.60800352863686
63,2020-03-25,8.08453552964094,1.5781109678511094,14.346954513934534,3.0,2020-12-20,154.4415588751144,True,334,31.60800352863686
64,2020-03-26,8.179492997804342,1.6123802153372808,14.913696684033821,6.0,2020-12-20,154.4415588751144,True,334,31.60800352863686
65,2020-03-27,8.275166904550064,1.5494495997966102,14.877304206719788,6.0,2020-12-20,154.4415588751144,True,334,31.60800352863686
66,2020-03-28,8.371564776908203,2.1338992282582474,14.961317600773564,8.0,2020-12-20,154.4415588751144,True,334,31.60800352863686
67,2020-03-29,8.427355456431787,1.9336923371504948,14.764974003114954,8.0,2020-12-20,154.4415588751144,True,334,31.60800352863686
68,2020-03-30,8.56768501425671,1.734516997336103,15.604846362943501,8.0,2020-12-20,154.4415588751144,True,334,31.60800352863686
69,2020-03-31,8.70896381282218,1.8765272204049492,15.226829696437287,9.0,2020-12-20,154.4415588751144,True,334,31.60800352863686
70,2020-04-01,8.731620014713151,1.8990328917825794,16.117272044038195,10.0,2020-12-20,154.4415588751144,True,334,31.60800352863686
71,2020-04-02,8.831088717318076,1.688676282246282,15.555838729468473,10.0,2020-12-20,154.4415588751144,True,334,31.60800352863686
72,2020-04-03,8.931247474717516,1.947363371403127,15.307646664155476,10.0,2020-12-20,154.4415588751144,True,334,31.60800352863686
73,2020-04-04,9.032102438495203,2.0850700127182953,15.884899229824116,10.0,2020-12-20,154.4415588751144,True,334,31.60800352863686
74,2020-04-05,9.092321067306639,1.8453724088527501,15.789126983963081,11.0,2020-12-20,154.4415588751144,True,334,31.60800352863686
75,2020-04-06,9.237048042235925,2.2203720270190184,15.477447684890375,12.0,2020-12-20,154.4415588751144,True,334,31.60800352863686
76,2020-04-07,9.382692330019442,2.700854899087111,16.261314785407265,14.0,2020-12-20,154.4415588751144,True,334,31.60800352863686
77,2020-04-08,9.409680691923121,2.6895533292703693,16.680829221588834,15.0,2020-12-20,154.4415588751144,True,334,31.60800352863686
78,2020-04-09,9.51344681944243,3.1319572380820517,16.43302824611509,16.0,2020-12-20,154.4415588751144,True,334,31.60800352863686
79,2020-04-10,9.617866857006172,2.4768350800294288,16.48928476118942,16.0,2020-12-20,154.4415588751144,True,334,31.60800352863686
80,2020-04-11,9.722945543620677,3.3087951751872344,16.937773381427064,18.0,2020-12-20,154.4415588751144,True,334,31.60800352863686
81,2020-04-12,9.787348923289093,3.477357905795135,16.532917910430626,19.0,2020-12-20,154.4415588751144,True,334,31.60800352863686
82,2020-04-13,9.936220261484916,3.249519039197737,16.170700454426886,19.0,2020-12-20,154.4415588751144,True,334,31.60800352863686
83,2020-04-14,10.08596710851084,3.2411547172277855,16.921365637791425,19.0,2020-12-20,154.4415588751144,True,334,31.60800352863686
84,2020-04-15,10.117014810019647,3.3953235371153303,16.553698644876103,19.0,2020-12-20,154.4415588751144,True,334,31.60800352863686
85,2020-04-16,10.224795643379139,3.6309632227210065,17.042122446624077,19.0,2020-12-20,154.4415588751144,True,334,31.60800352863686
86,2020-04-17,10.33318434147015,3.432823987407766,16.56471875935835,19.0,2020-12-20,154.4415588751144,True,334,31.60800352863686
87,2020-04-18,10.442184234768474,3.7494451785082608,17.120281505497093,19.0,2020-12-20,154.4415588751144,True,334,31.60800352863686
88,2020-04-19,10.510459963215377,3.713304575016716,17.692403848474378,19.0,2020-12-20,154.4415588751144,True,334,31.60800352863686
89,2020-04-20,10.663153393486299,3.712295138197349,17.447344741790477,19.0,2020-12-20,154.4415588751144,True,334,31.60800352863686
90,2020-04-21,10.816670683322192,3.728950133543636,17.9499605990674,19.0,2020-12-20,154.4415588751144,True,334,31.60800352863686
91,2020-04-22,10.851435793031417,4.325194141998627,17.89985802820516,19.0,2020-12-20,154.4415588751144,True,334,31.60800352863686
92,2020-04-23,10.962879622843877,3.5861726377074072,17.94302563835738,19.0,2020-12-20,154.4415588751144,True,334,31.60800352863686
93,2020-04-24,11.07487553753654,4.654422236465636,17.665206955073298,19.0,2020-12-20,154.4415588751144,True,334,31.60800352863686
94,2020-04-25,11.187425510018933,4.883612527399263,18.290264286733017,19.0,2020-12-20,154.4415588751144,True,334,31.60800352863686
95,2020-04-26,11.259192833709823,4.264381327304046,18.02320654061961,19.0,2020-12-20,154.4415588751144,True,334,31.60800352863686
96,2020-04-27,11.415318040981836,4.712444261176807,17.863958099507556,19.0,2020-12-20,154.4415588751144,True,334,31.60800352863686
97,2020-04-28,11.571640144482227,4.593243226989629,18.117608509246967,19.0,2020-12-20,154.4415588751144,True,334,31.60800352863686
98,2020-04-29,11.609143085471706,5.214048977482096,18.363765692635468,19.0,2020-12-20,154.4415588751144,True,334,31.60800352863686
99,2020-04-30,11.723256622684644,5.43842326549098,18.084230871221173,19.0,2020-12-20,154.4415588751144,True,334,31.60800352863686
100,2020-05-01,11.837852999222457,5.535382242148271,18.849222807569028,19.0,2020-12-20,154.4415588751144,True,334,31.60800352863686
101,2020-05-02,11.952933087073488,5.072621658028778,18.57851096926771,19.0,2020-12-20,154.4415588751144,True,334,31.60800352863686
102,2020-05-03,12.027159100413476,5.425002631861643,18.965492788325033,19.0,2020-12-20,154.4415588751144,True,334,31.60800352863686
103,2020-05-04,12.18567051496708,5.364227382525578,18.813126964115458,19.0,2020-12-20,154.4415588751144,True,334,31.60800352863686
104,2020-05-05,12.344871134256122,5.878384908621139,19.001254603252416,19.0,2020-12-20,154.4415588751144,True,334,31.60800352863686
105,2020-05-06,12.38518260300542,5.326071235947405,19.220944503755195,19.0,2020-12-20,154.4415588751144,True,334,31.60800352863686
106,2020-05-07,12.5020335463927,5.4076491267488365,19.155653297120825,19.0,2020-12-20,154.4415588751144,True,334,31.60800352863686
107,2020-05-08,12.619295091646395,5.646019366934884,19.63821641036219,19.0,2020-12-20,154.4415588751144,True,334,31.60800352863686
108,2020-05-09,12.736967028169289,5.765358441137324,19.37827294026526,19.0,2020-12-20,154.4415588751144,True,334,31.60800352863686
109,2020-05-10,12.81371050710391,6.202252109413003,19.584433466781142,19.0,2020-12-20,154.4415588751144,True,334,31.60800352863686
110,2020-05-11,12.974663966465364,6.195554603997318,19.721121848736836,19.0,2020-12-20,154.4415588751144,True,334,31.60800352863686
111,2020-05-12,13.136230198272525,6.409925588818574,20.219927255599252,19.0,2020-12-20,154.4415588751144,True,334,31.60800352863686
112,2020-05-13,13.17882986282284,6.729484725234522,19.99686065268088,19.0,2020-12-20,154.4415588751144,True,334,31.60800352863686
113,2020-05-14,13.297890628789245,6.18750106818244,20.14224200223619,19.0,2020-12-20,154.4415588751144,True,334,31.60800352863686
114,2020-05-15,13.417282700554065,6.877936060883088,19.57161340082095,19.0,2020-12-20,154.4415588751144,True,334,31.60800352863686
115,2020-05-16,13.537004964463376,7.016575332394309,19.858170343588636,19.0,2020-12-20,154.4415588751144,True,334,31.60800352863686
116,2020-05-17,13.615717703830894,6.928851396585673,20.246686740157234,19.0,2020-12-20,154.4415588751144,True,334,31.60800352863686
117,2020-05-18,13.778558519964346,6.3685681419314575,20.416110456379744,19.0,2020-12-20,154.4415588751144,True,334,31.60800352863686
118,2020-05-19,13.941775705541335,7.894677638233098,20.918865031163968,19.0,2020-12-20,154.4415588751144,True,334,31.60800352863686
119,2020-05-20,13.985942303801673,6.866935871681228,21.025538510427122,19.0,2020-12-20,154.4415588751144,True,334,31.60800352863686
120,2020-05-21,14.106485293582598,7.736630269887241,21.11493802425356,19.0,2020-12-20,154.4415588751144,True,334,31.60800352863686
121,2020-05-22,14.227274223814794,7.252515903398905,20.70972204839739,19.0,2020-12-20,154.4415588751144,True,334,31.60800352863686
122,2020-05-23,14.348307360381089,6.837028536054584,21.40400159987466,19.0,2020-12-20,154.4415588751144,True,334,31.60800352863686
123,2020-05-24,14.428244401694478,7.7449164891046305,20.716251608587505,19.0,2020-12-20,154.4415588751144,True,334,31.60800352863686
124,2020-05-25,14.592222400269007,8.104516044151195,21.276796348377204,19.0,2020-12-20,154.4415588751144,True,334,31.60800352863686
125,2020-05-26,14.756642831108838,8.28864410588131,21.72653838871169,19.0,2020-12-20,154.4415588751144,True,334,31.60800352863686
126,2020-05-27,14.80192510718121,8.574938637209183,21.33792035303643,19.0,2020-12-20,154.4415588751144,True,334,31.60800352863686
127,2020-05-28,14.923495720656383,7.699664367680494,22.010358188522126,19.0,2020-12-20,154.4415588751144,True,334,31.60800352863686
128,2020-05-29,15.045223771321437,8.644581071127744,22.45931101787958,19.0,2020-12-20,154.4415588751144,True,334,31.60800352863686
129,2020-05-30,15.166902518249497,8.454112312508583,22.222930233654466,19.0,2020-12-20,154.4415588751144,True,334,31.60800352863686
130,2020-05-31,15.247395660269337,8.619794177401948,21.76239305256955,19.0,2020-12-20,154.4415588751144,True,334,31.60800352863686
131,2020-06-01,15.411839983243878,9.006061278099073,21.984702112759464,19.0,2020-12-20,154.4415588751144,True,334,31.60800352863686
132,2020-06-02,15.576636734659926,8.88888374596233,22.270352888140373,19.0,2020-12-20,154.4415588751144,True,334,31.60800352863686
133,2020-06-03,15.622205139326965,9.18722843225286,22.434984352866895,19.0,2020-12-20,154.4415588751144,True,334,31.60800352863686
134,2020-06-04,15.743971540806369,8.820416450940911,22.117311845464755,19.0,2020-12-20,154.4415588751144,True,334,31.60800352863686
135,2020-06-05,15.865804929977626,8.607657243413541,22.83045656844476,19.0,2020-12-20,154.4415588751144,True,334,31.60800352863686
136,2020-06-06,15.987703092428301,8.921023398937928,22.931206232143673,19.0,2020-12-20,154.4415588751144,True,334,31.60800352863686
137,2020-06-07,16.068325324491656,9.317723183450278,22.7913982923187,19.0,2020-12-20,154.4415588751144,True,334,31.60800352863686
138,2020-06-08,16.232808355204387,9.385360660423942,22.951038988267666,19.0,2020-12-20,154.4415588751144,True,334,31.60800352863686
139,2020-06-09,16.397553413681408,9.577837043944227,22.674781764770717,19.0,2020-12-20,154.4415588751144,True,334,31.60800352863686
140,2020-06-10,16.44297974882169,9.277764364946368,23.44136809712503,19.0,2020-12-20,154.4415588751144,True,334,31.60800352863686
141,2020-06-11,16.564513766724087,9.607664670999117,23.450392771903477,19.0,2020-12-20,154.4415588751144,True,334,31.60800352863686
142,2020-06-12,16.686024560524846,10.174974499740266,23.84496515466434,19.0,2020-12-20,154.4415588751144,True,334,31.60800352863686
143,2020-06-13,16.807510057693307,10.1578918415969,23.831219180764293,19.0,2020-12-20,154.4415588751144,True,334,31.60800352863686
144,2020-06-14,16.88762973593633,10.209301968278151,23.605677901691482,19.0,2020-12-20,154.4415588751144,True,334,31.60800352863686
145,2020-06-15,17.05152054498765,9.943891468164313,23.353019304140798,19.0,2020-12-20,154.4415588751144,True,334,31.60800352863686
146,2020-06-16,17.21558397510568,10.139197064846181,24.214965026176365,19.0,2020-12-20,154.4415588751144,True,334,31.60800352863686
147,2020-06-17,17.26023957254722,10.43218265023176,24.321061144844368,19.0,2020-12-20,154.4415588751144,True,334,31.60800352863686
148,2020-06-18,17.380914080697522,10.797052226466562,23.927284505883776,19.0,2020-12-20,154.4415588751144,True,334,31.60800352863686
149,2020-06-19,17.501476968264463,10.497018505111178,24.131521278630576,19.0,2020-12-20,154.4415588751144,True,334,31.60800352863686
150,2020-06-20,17.621926576233857,10.73893624570619,24.47729364555218,19.0,2020-12-20,154.4415588751144,True,334,31.60800352863686
151,2020-06-21,17.7009228333695,10.687192527203047,24.023000640128565,19.0,2020-12-20,154.4415588751144,True,334,31.60800352863686
152,2020-06-22,17.863603177609683,11.425154945368483,24.76719157146367,19.0,2020-12-20,154.4415588751144,True,334,31.60800352863686
153,2020-06-23,18.026369624108746,11.076960626262363,24.625092848834523,19.0,2020-12-20,154.4415588751144,True,334,31.60800352863686
154,2020-06-24,18.06964228023003,11.5225465752856,25.111221104113817,19.0,2020-12-20,154.4415588751144,True,334,31.60800352863686
155,2020-06-25,18.188848486163753,10.93895323437236,25.409537161333475,19.0,2020-12-20,154.4415588751144,True,334,31.60800352863686
156,2020-06-26,18.307858342577905,11.37156309129946,25.140426736837224,19.0,2020-12-20,154.4415588751144,True,334,31.60800352863686
157,2020-06-27,18.426670856992843,11.762447351654533,25.022482273970507,19.0,2020-12-20,154.4415588751144,True,334,31.60800352863686
158,2020-06-28,18.50394665870237,11.694268512671973,25.268998911332474,19.0,2020-12-20,154.4415588751144,True,334,31.60800352863686
159,2020-06-29,18.66482391951729,12.254564733873737,25.704356535520873,19.0,2020-12-20,154.4415588751144,True,334,31.60800352863686
160,2020-06-30,18.82570542115687,12.242802038970128,25.071074277249412,19.0,2020-12-20,154.4415588751144,True,334,31.60800352863686
161,2020-07-01,18.867012069484765,12.518588759738185,25.84965751851069,19.0,2020-12-20,154.4415588751144,True,334,31.60800352863686
162,2020-07-02,18.984172034641478,12.143536780664897,26.140670494921828,19.0,2020-12-20,154.4415588751144,True,334,31.60800352863686
163,2020-07-03,19.101056277739687,12.615011768034359,25.85663351859629,19.0,2020-12-20,154.4415588751144,True,334,31.60800352863686
164,2020-07-04,19.21766469655673,12.257211787929018,26.414297022746986,19.0,2020-12-20,154.4415588751144,True,334,31.60800352863686
165,2020-07-05,19.292658839679177,12.827419061391337,26.00919492315745,19.0,2020-12-20,154.4415588751144,True,334,31.60800352863686
166,2020-07-06,19.451177826448117,13.054090024256864,26.485035766297635,19.0,2020-12-20,154.4415588751144,True,334,31.60800352863686
167,2020-07-07,19.609625413533987,12.633706084777758,26.251704839062175,19.0,2020-12-20,154.4415588751144,True,334,31.60800352863686
168,2020-07-08,19.648423508409508,12.86113404328518,26.44362458250202,19.0,2020-12-20,154.4415588751144,True,334,31.60800352863686
169,2020-07-09,19.76300130840629,12.810256967540102,26.66544699364839,19.0,2020-12-20,154.4415588751144,True,334,31.60800352863686
170,2020-07-10,19.877230826765214,13.13445845896417,26.520951128732317,19.0,2020-12-20,154.4415588751144,True,334,31.60800352863686
171,2020-07-11,19.991113037372,12.782183872588861,27.151873408130783,19.0,2020-12-20,154.4415588751144,True,334,31.60800352863686
172,2020-07-12,20.063310588000128,13.91652612363449,26.9081072342127,19.0,2020-12-20,154.4415588751144,True,334,31.60800352863686
173,2020-07-13,20.218963719350548,13.261587844518719,26.520873963836326,19.0,2020-12-20,154.4415588751144,True,334,31.60800352863686
174,2020-07-14,20.37447733070573,13.397168318984448,27.234915437513248,19.0,2020-12-20,154.4415588751144,True,334,31.60800352863686
175,2020-07-15,20.41027449247129,13.108780121044969,27.419441762806553,19.0,2020-12-20,154.4415588751144,True,334,31.60800352863686
176,2020-07-16,20.521785584294598,14.300126205811662,27.419531735275854,19.0,2020-12-20,154.4415588751144,True,334,31.60800352863686
177,2020-07-17,20.6328838201683,13.59348099433906,27.294974283150403,19.0,2020-12-20,154.4415588751144,True,334,31.60800352863686
178,2020-07-18,20.743571392213575,13.755360205606431,27.348247209236206,19.0,2020-12-20,154.4415588751144,True,334,31.60800352863686
179,2020-07-19,20.812512182968735,14.075164877299077,27.26114907167483,19.0,2020-12-20,154.4415588751144,True,334,31.60800352863686
180,2020-07-20,20.964847683466505,14.042612267075379,27.75416498209892,19.0,2020-12-20,154.4415588751144,True,334,31.60800352863686
181,2020-07-21,21.116984057923485,14.598314662852893,27.906977276770938,19.0,2020-12-20,154.4415588751144,True,334,31.60800352863686
182,2020-07-22,21.14934565527258,14.756848667146063,27.88217058257785,19.0,2020-12-20,154.4415588751144,True,334,31.60800352863686
183,2020-07-23,21.25736414645878,14.2969137040805,28.160112794080828,19.0,2020-12-20,154.4415588751144,True,334,31.60800352863686
184,2020-07-24,21.36491404843756,14.714434239716379,27.794111897504052,20.0,2020-12-20,154.4415588751144,True,334,31.60800352863686
185,2020-07-25,21.471998867043066,15.264462501942061,28.05635712367257,20.0,2020-12-20,154.4415588751144,True,334,31.60800352863686
186,2020-07-26,21.537283808320616,14.463387991338255,27.946899265475054,20.0,2020-12-20,154.4415588751144,True,334,31.60800352863686
187,2020-07-27,21.68591169564939,14.873540600989742,28.53891557764829,20.0,2020-12-20,154.4415588751144,True,334,31.60800352863686
188,2020-07-28,21.83429003348544,14.827390637427136,28.741348034312928,20.0,2020-12-20,154.4415588751144,True,334,31.60800352863686
189,2020-07-29,21.86284451799922,14.919374296339463,28.520600746628975,20.0,2020-12-20,154.4415588751144,True,334,31.60800352863686
190,2020-07-30,21.96700817329448,15.079107758348902,28.83436378786659,20.0,2020-12-20,154.4415588751144,True,334,31.60800352863686
191,2020-07-31,22.070656874624703,15.005199880020239,28.814546332552638,20.0,2020-12-20,154.4415588751144,True,334,31.60800352863686
192,2020-08-01,22.173795490297806,15.505565040989877,29.17633654096788,20.0,2020-12-20,154.4415588751144,True,334,31.60800352863686
193,2020-08-02,22.235090592059315,15.038908618120546,28.79355307366957,20.0,2020-12-20,154.4415588751144,True,334,31.60800352863686
194,2020-08-03,22.3796863714509,15.102188012096715,28.918731937168953,20.0,2020-12-20,154.4415588751144,True,334,31.60800352863686
195,2020-08-04,22.52399170253888,15.200129034495296,29.488218836380195,20.0,2020-12-20,154.4415588751144,True,334,31.60800352863686
196,2020-08-05,22.548433651727827,16.072934770889926,29.86321024166823,20.0,2020-12-20,154.4415588751144,True,334,31.60800352863686
197,2020-08-06,22.64844661312169,15.612473585474852,29.444603213822962,20.0,2020-12-20,154.4415588751144,True,334,31.60800352863686
198,2020-08-07,22.747907830898917,16.03714408734458,29.288883903185813,20.0,2020-12-20,154.4415588751144,True,334,31.60800352863686
199,2020-08-08,22.846823540390407,16.194259833924782,29.19819074036873,20.0,2020-12-20,154.4415588751144,True,334,31.60800352863686
200,2020-08-09,22.903861677694884,16.025615681499787,30.29891241676719,20.0,2020-12-20,154.4415588751144,True,334,31.60800352863686
201,2020-08-10,23.044167795111967,16.45639040819712,29.96215647093747,20.0,2020-12-20,154.4415588751144,True,334,31.60800352863686
202,2020-08-11,23.184152123224024,16.45450145765465,29.796716722781447,20.0,2020-12-20,154.4415588751144,True,334,31.60800352863686
203,2020-08-12,23.20424307985877,16.335373574760713,30.138891087638868,20.0,2020-12-20,154.4415588751144,True,334,31.60800352863686
204,2020-08-13,23.299876404848575,16.04449609753475,29.71690297953567,20.0,2020-12-20,154.4415588751144,True,334,31.60800352863686
205,2020-08-14,23.39493068153992,16.54871923026269,29.8073244796537,22.0,2020-12-20,154.4415588751144,True,334,31.60800352863686
206,2020-08-15,23.48941347721373,17.1526983964404,29.995794092022894,22.0,2020-12-20,154.4415588751144,True,334,31.60800352863686
207,2020-08-16,23.541994052014747,16.976021516472372,30.25952217197686,22.0,2020-12-20,154.4415588751144,True,334,31.60800352863686
208,2020-08-17,23.67781927371795,16.43021630522891,30.427079914741665,22.0,2020-12-20,154.4415588751144,True,334,31.60800352863686
209,2020-08-18,23.813300679164623,17.029540507752866,30.051013431192338,22.0,2020-12-20,154.4415588751144,True,334,31.60800352863686
210,2020-08-19,23.82886798264458,16.57012301210928,30.33652477664281,22.0,2020-12-20,154.4415588751144,True,334,31.60800352863686
211,2020-08-20,23.919958209910124,16.951221797372337,30.58128799368974,22.0,2020-12-20,154.4415588751144,True,334,31.60800352863686
212,2020-08-21,24.010451219240636,17.558018361292977,30.902469226594786,22.0,2020-12-20,154.4415588751144,True,334,31.60800352863686
213,2020-08-22,24.100355841252558,17.281122774643297,31.149104134167477,22.0,2020-12-20,154.4415588751144,True,334,31.60800352863686
214,2020-08-23,24.14834258717638,17.106738026075842,30.991946977877696,22.0,2020-12-20,154.4415588751144,True,334,31.60800352863686
215,2020-08-24,24.279559563428144,17.148395446277124,30.538448781179145,22.0,2020-12-20,154.4415588751144,True,334,31.60800352863686
216,2020-08-25,24.41041953221679,17.334520165148078,31.330431323903657,22.0,2020-12-20,154.4415588751144,True,334,31.60800352863686
217,2020-08-26,24.421353419555565,17.574860278234357,31.316219042880032,22.0,2020-12-20,154.4415588751144,True,334,31.60800352863686
218,2020-08-27,24.507799448818886,17.97471088376478,31.485281537265664,22.0,2020-12-20,154.4415588751144,True,334,31.60800352863686
219,2020-08-28,24.593638661369194,17.867230404655718,31.68107055815481,22.0,2020-12-20,154.4415588751144,True,334,31.60800352863686
220,2020-08-29,24.678881055951337,17.743880109182513,31.98050358979258,22.0,2020-12-20,154.4415588751144,True,334,31.60800352863686
221,2020-08-30,24.722198296683047,18.382092815085723,31.611069507508827,22.0,2020-12-20,154.4415588751144,True,334,31.60800352863686
222,2020-08-31,24.84873962692652,18.94422308253392,32.454348152971185,22.0,2020-12-20,154.4415588751144,True,334,31.60800352863686
223,2020-09-01,24.974918929870785,17.856462136685863,31.34614940049308,22.0,2020-12-20,154.4415588751144,True,334,31.60800352863686
224,2020-09-02,24.981168236123096,18.464446497183552,31.443682809211733,22.0,2020-12-20,154.4415588751144,True,334,31.60800352863686
225,2020-09-03,25.062926856888794,18.42552438442162,31.83805105110203,22.0,2020-12-20,154.4415588751144,True,334,31.60800352863686
226,2020-09-04,25.144076904372927,18.669544169434644,32.07840775413157,22.0,2020-12-20,154.4415588751144,True,334,31.60800352863686
227,2020-09-05,25.224629430881986,18.56844411236731,31.50281638586241,22.0,2020-12-20,154.4415588751144,True,334,31.60800352863686
228,2020-09-06,25.26325713656333,18.605804199614354,31.996401192825868,22.0,2020-12-20,154.4415588751144,True,334,31.60800352863686
229,2020-09-07,25.385110283045258,18.24235374610141,32.357118984814015,22.0,2020-12-20,154.4415588751144,True,334,31.60800352863686
230,2020-09-08,25.50660375380749,19.310410701289786,32.44954154817654,22.0,2020-12-20,154.4415588751144,True,334,31.60800352863686
231,2020-09-09,25.50817056155911,19.358662191943445,32.533243825278646,22.0,2020-12-20,154.4415588751144,True,334,31.60800352863686
232,2020-09-10,25.585250981307844,18.726804776191898,32.169576768321136,22.0,2020-12-20,154.4415588751144,True,334,31.60800352863686
233,2020-09-11,25.661728070543017,19.325825925717897,32.740244348046026,23.0,2020-12-20,154.4415588751144,True,334,31.60800352863686
234,2020-09-12,25.737613808219134,18.798972424582274,32.42874820560422,23.0,2020-12-20,154.4415588751144,True,334,31.60800352863686
235,2020-09-13,25.771581802457824,18.641892107509864,32.09937004178444,23.0,2020-12-20,154.4415588751144,True,334,31.60800352863686
236,2020-09-14,25.888783203841985,18.8025303317347,32.9386454769471,23.0,2020-12-20,154.4415588751144,True,334,31.60800352863686
237,2020-09-15,26.00563376594648,18.865849324730785,32.39217998945008,23.0,2020-12-20,154.4415588751144,True,334,31.60800352863686
238,2020-09-16,26.002567352562835,18.728779407353283,32.71961870930787,23.0,2020-12-20,154.4415588751144,True,334,31.60800352863686
239,2020-09-17,26.075025070718702,18.913041401787517,32.66189123924528,23.0,2020-12-20,154.4415588751144,True,334,31.60800352863686
240,2020-09-18,26.146890790822567,19.54734390131742,32.67777379308245,23.0,2020-12-20,154.4415588751144,True,334,31.60800352863686
241,2020-09-19,26.218177285626535,19.743564470890817,33.2207285176523,23.0,2020-12-20,154.4415588751144,True,334,31.60800352863686
242,2020-09-20,26.24755893784143,18.99304936803623,32.97800590175323,23.0,2020-12-20,154.4415588751144,True,334,31.60800352863686
243,2020-09-21,26.360187653681407,19.400972052938787,32.7272392580138,23.0,2020-12-20,154.4415588751144,True,334,31.60800352863686
244,2020-09-22,26.472479923173065,20.021662524187903,33.4228007371166,23.0,2020-12-20,154.4415588751144,True,334,31.60800352863686
245,2020-09-23,26.464870327497838,20.237325184562987,33.46708367229381,23.0,2020-12-20,154.4415588751144,True,334,31.60800352863686
246,2020-09-24,26.532800672089156,19.587842494440732,33.150870238016836,23.0,2020-12-20,154.4415588751144,True,334,31.60800352863686
247,2020-09-25,26.60015550675278,20.157204025712268,33.44284482886738,23.0,2020-12-20,154.4415588751144,True,334,31.60800352863686
248,2020-09-26,26.66694826479095,19.95513007469012,33.444476706130885,23.0,2020-12-20,154.4415588751144,True,334,31.60800352863686
249,2020-09-27,26.691853970673534,20.41782212589311,33.55372100610312,23.0,2020-12-20,154.4415588751144,True,334,31.60800352863686
250,2020-09-28,26.800025153681585,20.768239607111806,33.97114689130728,23.0,2020-12-20,154.4415588751144,True,334,31.60800352863686
251,2020-09-29,26.90787890832348,20.069865485674512,33.81191900846827,23.0,2020-12-20,154.4415588751144,True,334,31.60800352863686
252,2020-09-30,26.895850401798054,20.160737611011818,33.48055161134742,23.0,2020-12-20,154.4415588751144,True,334,31.60800352863686
253,2020-10-01,26.959382007191476,20.033760920024204,33.56349073817341,23.0,2020-12-20,154.4415588751144,True,334,31.60800352863686
254,2020-10-02,27.022358823822525,20.005958331641274,33.98791039106919,23.0,2020-12-20,154.4415588751144,True,334,31.60800352863686
255,2020-10-03,27.084794816428953,20.06598090719266,34.40138478742504,23.0,2020-12-20,154.4415588751144,True,334,31.60800352863686
256,2020-10-04,27.105365522996163,20.57119588612568,33.27220761726211,23.0,2020-12-20,154.4415588751144,True,334,31.60800352863686
257,2020-10-05,27.209223968651756,20.757881098016234,34.32198352616744,23.0,2020-12-20,154.4415588751144,True,334,31.60800352863686
258,2020-10-06,27.31278772616926,20.63812183508434,34.30680737096289,23.0,2020-12-20,154.4415588751144,True,334,31.60800352863686
259,2020-10-07,27.29649242364045,20.78204259036368,33.5707301182276,23.0,2020-12-20,154.4415588751144,True,334,31.60800352863686
260,2020-10-08,27.355780877861473,20.20864743038616,33.77751970313175,23.0,2020-12-20,154.4415588751144,True,334,31.60800352863686
261,2020-10-09,27.414538614871688,20.427609141005675,33.90177932954331,23.0,2020-12-20,154.4415588751144,True,334,31.60800352863686
262,2020-10-10,27.472780009342202,20.81410323215259,33.711646473614586,23.0,2020-12-20,154.4415588751144,True,334,31.60800352863686
263,2020-10-11,27.489180992640488,20.806624783791293,34.276424657304275,23.0,2020-12-20,154.4415588751144,True,334,31.60800352863686
264,2020-10-12,27.588894966850788,21.264381497419272,34.33366617750887,23.0,2020-12-20,154.4415588751144,True,334,31.60800352863686
265,2020-10-13,27.68833986558295,20.503211308823616,34.60538614293097,23.0,2020-12-20,154.4415588751144,True,334,31.60800352863686
266,2020-10-14,27.6679516618393,20.582892668628798,34.55785323861305,23.0,2020-12-20,154.4415588751144,True,334,31.60800352863686
267,2020-10-15,27.72317350161005,20.657873453283266,34.32198895731632,23.0,2020-12-20,154.4415588751144,True,334,31.60800352863686
268,2020-10-16,27.777891224694805,21.236219842741335,34.5580327869721,23.0,2020-12-20,154.4415588751144,True,334,31.60800352863686
269,2020-10-17,27.83211950427553,20.869686036702035,34.40168411756148,23.0,2020-12-20,154.4415588751144,True,334,31.60800352863686
270,2020-10-18,27.844534555236336,20.582007363768238,34.21776563804846,23.0,2020-12-20,154.4415588751144,True,334,31.60800352863686
271,2020-10-19,27.94029004842709,20.89093820521323,34.387757214583154,23.0,2020-12-20,154.4415588751144,True,334,31.60800352863686
272,2020-10-20,28.035804171715178,21.895735846838157,34.582558246045096,23.0,2020-12-20,154.4415588751144,True,334,31.60800352863686
273,2020-10-21,28.011513138100646,21.189130447924427,35.06291093182926,24.0,2020-12-20,154.4415588751144,True,334,31.60800352863686
274,2020-10-22,28.06286031957656,20.87639552819973,34.64095322104559,24.0,2020-12-20,154.4415588751144,True,334,31.60800352863686
275,2020-10-23,28.11373176815321,20.975985869494153,34.894408148854254,24.0,2020-12-20,154.4415588751144,True,334,31.60800352863686
276,2020-10-24,28.164142355732295,21.504966983866993,34.924347623479065,24.0,2020-12-20,154.4415588751144,True,334,31.60800352863686
277,2020-10-25,28.17276848266532,21.593409895980464,34.83132196477472,24.0,2020-12-20,154.4415588751144,True,334,31.60800352863686
278,2020-10-26,28.264763992271615,21.549647322921977,35.10887470322357,24.0,2020-12-20,154.4415588751144,True,334,31.60800352863686
279,2020-10-27,28.356547232146436,21.435284257657827,35.26316236994559,24.0,2020-12-20,154.4415588751144,True,334,31.60800352863686
280,2020-10-28,28.32855456253263,21.822021542152626,34.71331201668672,24.0,2020-12-20,154.4415588751144,True,334,31.60800352863686
281,2020-10-29,28.376229490437968,21.88082410776969,35.257117847225864,24.0,2020-12-20,154.4415588751144,True,334,31.60800352863686
282,2020-10-30,28.423458190915934,21.391396539665106,35.0747882306811,24.0,2020-12-20,154.4415588751144,True,334,31.60800352863686
283,2020-10-31,28.470255647197437,21.407678313185933,35.027432681865996,24.0,2020-12-20,154.4415588751144,True,334,31.60800352863686
284,2020-11-01,28.475298359505256,21.789729256021467,35.042119657458755,24.0,2020-12-20,154.4415588751144,True,334,31.60800352863686
285,2020-11-02,28.56374025982811,21.498843309266455,35.26137648591263,24.0,2020-12-20,154.4415588751144,True,334,31.60800352863686
286,2020-11-03,28.651999773484363,21.806289114441114,35.00415354434317,24.0,2020-12-20,154.4415588751144,True,334,31.60800352863686
287,2020-11-04,28.62051332774701,21.950162455430856,35.628007755311174,24.0,2020-12-20,154.4415588751144,True,334,31.60800352863686
288,2020-11-05,28.664724486215547,22.207002966865247,35.40409666798235,24.0,2020-12-20,154.4415588751144,True,334,31.60800352863686
289,2020-11-06,28.70851947034774,21.75022367464847,35.90489471142704,24.0,2020-12-20,154.4415588751144,True,334,31.60800352863686
290,2020-11-07,28.751913299842197,22.04655203826785,35.28905191563469,24.0,2020-12-20,154.4415588751144,True,334,31.60800352863686
291,2020-11-08,28.753582501701313,21.692370691699697,35.36618112763982,24.0,2020-12-20,154.4415588751144,True,334,31.60800352863686
292,2020-11-09,28.838681025253226,21.807382000597443,35.82771098814017,24.0,2020-12-20,154.4415588751144,True,334,31.60800352863686
293,2020-11-10,28.923627303960377,22.163596936558246,35.47037201948511,24.0,2020-12-20,154.4415588751144,True,334,31.60800352863686
294,2020-11-11,28.88885776428726,22.011704753937973,35.793442931751095,24.0,2020-12-20,154.4415588751144,True,334,31.60800352863686
295,2020-11-12,28.92981596031448,22.444573166230278,35.506116212291325,24.0,2020-12-20,154.4415588751144,True,334,31.60800352863686
296,2020-11-13,28.970388095508145,21.896158922757053,35.51181740427782,24.0,2020-12-20,154.4415588751144,True,334,31.60800352863686
297,2020-11-14,29.010589163340114,21.622712353619015,35.303156985495164,24.0,2020-12-20,154.4415588751144,True,334,31.60800352863686
298,2020-11-15,29.009095656584194,22.54199532761879,35.62544870073762,24.0,2020-12-20,154.4415588751144,True,334,31.60800352863686
299,2020-11-16,29.091061482569764,22.104158761507893,35.5194629977555,24.0,2020-12-20,154.4415588751144,True,334,31.60800352863686
300,2020-11-17,29.17290502521863,22.74385379355558,35.96213603001724,25.0,2020-12-20,154.4415588751144,True,334,31.60800352863686
301,2020-11-18,29.135062654140427,22.48018773288192,36.26293665884008,25.0,2020-12-20,154.4415588751144,True,334,31.60800352863686
302,2020-11-19,29.17297785946734,22.65923942206029,36.045806067381776,25.0,2020-12-20,154.4415588751144,True,334,31.60800352863686
303,2020-11-20,29.21053677384668,23.01254848522666,35.76068989833907,25.0,2020-12-20,154.4415588751144,True,334,31.60800352863686
304,2020-11-21,29.24775431327624,22.673202224496695,36.23145633625873,25.0,2020-12-20,154.4415588751144,True,334,31.60800352863686
305,2020-11-22,29.24330688661587,22.7092759396426,36.28895049973714,25.0,2020-12-20,154.4415588751144,True,334,31.60800352863686
306,2020-11-23,29.322348311052128,22.690123194551404,36.612493131851785,39.0,2020-12-20,154.4415588751144,True,334,31.60800352863686
307,2020-11-24,29.40129687434359,22.97049849789941,36.25603283932825,39.0,2020-12-20,154.4415588751144,True,334,31.60800352863686
308,2020-11-25,29.36058884412066,22.27801088087847,36.5878631999488,39.0,2020-12-20,154.4415588751144,True,334,31.60800352863686
309,2020-11-26,29.395667602922632,22.407115558157322,36.19869322427878,39.0,2020-12-20,154.4415588751144,True,334,31.60800352863686
310,2020-11-27,29.43041917038807,22.099250479257595,36.220046830886666,39.0,2020-12-20,154.4415588751144,True,334,31.60800352863686
311,2020-11-28,29.464858344286093,22.487935155720614,36.49840188254052,39.0,2020-12-20,154.4415588751144,True,334,31.60800352863686
312,2020-11-29,29.45766141021972,22.59823850851389,35.72945167952541,39.0,2020-12-20,154.4415588751144,True,334,31.60800352863686
313,2020-11-30,29.5339820572788,22.5194527196995,36.10080114327535,39.0,2020-12-20,154.4415588751144,True,334,31.60800352863686
314,2020-12-01,29.61023844047047,22.94658620167605,36.45574490588238,39.0,2020-12-20,154.4415588751144,True,334,31.60800352863686
315,2020-12-02,29.566866690201508,22.358068904324103,35.99117551354551,39.0,2020-12-20,154.4415588751144,True,334,31.60800352863686
316,2020-12-03,29.599310047493557,22.62593788245962,36.04961482850494,39.0,2020-12-20,154.4415588751144,True,334,31.60800352863686
317,2020-12-04,29.631454386348267,23.024260148276035,36.143153962320625,39.0,2020-12-20,154.4415588751144,True,334,31.60800352863686
318,2020-12-05,29.66331435495103,23.315228366752855,36.39414552948813,39.0,2020-12-20,154.4415588751144,True,334,31.60800352863686
319,2020-12-06,29.653566085541907,22.702505931559063,36.8762795797917,39.0,2020-12-20,154.4415588751144,True,334,31.60800352863686
320,2020-12-07,29.727363110234048,23.424211171875374,36.37395522139263,41.0,2020-12-20,154.4415588751144,True,334,31.60800352863686
321,2020-12-08,29.801123423606253,23.13141587493916,36.318292564703135,41.0,2020-12-20,154.4415588751144,True,334,31.60800352863686
322,2020-12-09,29.75528299234218,22.99660357796727,36.639250971902726,41.0,2020-12-20,154.4415588751144,True,334,31.60800352863686
323,2020-12-10,29.785284890601673,23.237391467632335,36.22816432788833,41.0,2020-12-20,154.4415588751144,True,334,31.60800352863686
324,2020-12-11,29.81501482253703,23.134333355178097,36.20911028235536,41.0,2020-12-20,154.4415588751144,True,334,31.60800352863686
325,2020-12-12,29.844487263644787,23.506929247839608,36.63583881662828,41.0,2020-12-20,154.4415588751144,True,334,31.60800352863686
326,2020-12-13,29.832378170782246,23.004373623594294,36.37671541823355,41.0,2020-12-20,154.4415588751144,True,334,31.60800352863686
327,2020-12-14,29.90384089812649,23.357423779571466,36.9128397021348,41.0,2020-12-20,154.4415588751144,True,334,31.60800352863686
328,2020-12-15,29.97529325990634,23.475015271887692,36.65888964329072,41.0,2020-12-20,154.4415588751144,True,334,31.60800352863686
329,2020-12-16,29.927171040175676,23.07756974658608,36.55597496038267,41.0,2020-12-20,154.4415588751144,True,334,31.60800352863686
330,2020-12-17,29.954917128318044,23.757259393842407,36.60571276360998,41.0,2020-12-20,154.4415588751144,True,334,31.60800352863686
331,2020-12-18,29.98241704169031,23.219085941810118,36.39169026303852,41.0,2020-12-20,154.4415588751144,True,334,31.60800352863686
332,2020-12-19,30.009685067100705,23.497884471054622,36.519596194908694,41.0,2020-12-20,154.4415588751144,True,334,31.60800352863686
333,2020-12-20,29.99539697094808,23.360500338679717,36.98084190666117,41.0,2020-12-20,154.4415588751144,True,334,31.60800352863686
334,2020-12-21,30.06470591529953,23.865556766918427,36.911925182725064,,2020-12-20,154.4415588751144,True,334,31.60800352863686
335,2020-12-22,30.134029520739254,23.278450311220432,36.586531945276235,,2020-12-20,154.4415588751144,True,334,31.60800352863686
336,2020-12-23,30.083803376255567,23.24673006420653,36.67740834345425,,2020-12-20,154.4415588751144,True,334,31.60800352863686
337,2020-12-24,30.10947017485483,22.94333177006881,36.63675242333137,,2020-12-20,154.4415588751144,True,334,31.60800352863686
338,2020-12-25,30.13491523631299,23.565799985500572,36.89018839982859,,2020-12-20,154.4415588751144,True,334,31.60800352863686
339,2020-12-26,30.160152648758586,22.772517277970053,37.00149281826284,,2020-12-20,154.4415588751144,True,334,31.60800352863686
340,2020-12-27,30.1438579789124,23.72953741576975,37.04359917334836,,2020-12-20,154.4415588751144,True,334,31.60800352863686
341,2020-12-28,30.21118418826578,23.136001964527107,37.200723324022626,,2020-12-20,154.4415588751144,True,334,31.60800352863686
342,2020-12-29,30.278548696023442,23.711511790212985,36.67664786891476,,2020-12-20,154.4415588751144,True,334,31.60800352863686
343,2020-12-30,30.226386889084914,23.696039791281567,37.417566633444004,,2020-12-20,154.4415588751144,True,334,31.60800352863686
344,2020-12-31,30.25014125774911,23.29886262753965,37.248985364418914,,2020-12-20,154.4415588751144,True,334,31.60800352863686
345,2021-01-01,30.27369691855333,23.412204638434535,37.35588963853405,,2020-12-20,154.4415588751144,True,334,31.60800352863686
346,2021-01-02,30.297067755941473,23.55270342258548,36.87643777355438,,2020-12-20,154.4415588751144,True,334,31.60800352863686
347,2021-01-03,30.278929132586967,23.6157013389065,37.48656184843949,,2020-12-20,154.4415588751144,True,334,31.60800352863686
348,2021-01-04,30.344433805650553,22.73616185110907,36.87030518074093,,2020-12-20,154.4415588751144,True,334,31.60800352863686
349,2021-01-05,30.409998989801334,23.550180058903397,36.91596314743735,,2020-12-20,154.4415588751144,True,334,31.60800352863686
350,2021-01-06,30.35605986727371,23.968460833471216,37.220484420388615,,2020-12-20,154.4415588751144,True,334,31.60800352863686
351,2021-01-07,30.378058723643313,23.481928984720987,37.26741866460036,,2020-12-20,154.4415588751144,True,334,31.60800352863686
352,2021-01-08,30.399880470738715,23.796967622759176,37.34777181032601,,2020-12-20,154.4415588751144,True,334,31.60800352863686
353,2021-01-09,30.42153878837598,23.419802375093727,36.89416127101186,,2020-12-20,154.4415588751144,True,334,31.60800352863686
